-- MySQL dump 10.13  Distrib 5.6.24, for osx10.8 (x86_64)
--
-- Host: 127.0.0.1    Database: RouteFinder
-- ------------------------------------------------------
-- Server version	5.6.27

/*!40101 SET @OLD_CHARACTER_SET_CLIENT=@@CHARACTER_SET_CLIENT */;
/*!40101 SET @OLD_CHARACTER_SET_RESULTS=@@CHARACTER_SET_RESULTS */;
/*!40101 SET @OLD_COLLATION_CONNECTION=@@COLLATION_CONNECTION */;
/*!40101 SET NAMES utf8 */;
/*!40103 SET @OLD_TIME_ZONE=@@TIME_ZONE */;
/*!40103 SET TIME_ZONE='+00:00' */;
/*!40014 SET @OLD_UNIQUE_CHECKS=@@UNIQUE_CHECKS, UNIQUE_CHECKS=0 */;
/*!40014 SET @OLD_FOREIGN_KEY_CHECKS=@@FOREIGN_KEY_CHECKS, FOREIGN_KEY_CHECKS=0 */;
/*!40101 SET @OLD_SQL_MODE=@@SQL_MODE, SQL_MODE='NO_AUTO_VALUE_ON_ZERO' */;
/*!40111 SET @OLD_SQL_NOTES=@@SQL_NOTES, SQL_NOTES=0 */;

--
-- Table structure for table `activities`
--

DROP TABLE IF EXISTS `activities`;
/*!40101 SET @saved_cs_client     = @@character_set_client */;
/*!40101 SET character_set_client = utf8 */;
CREATE TABLE `activities` (
  `id` int(11) NOT NULL AUTO_INCREMENT,
  `location` int(11) NOT NULL,
  `start_time` datetime DEFAULT NULL,
  `end_time` datetime DEFAULT NULL,
  `activity_name` varchar(128) DEFAULT NULL,
  `activity_detail` varchar(256) DEFAULT NULL,
  `host` varchar(128) DEFAULT NULL,
  PRIMARY KEY (`id`),
  KEY `fk_location_idx` (`location`),
  CONSTRAINT `fk_location` FOREIGN KEY (`location`) REFERENCES `node` (`id`) ON DELETE NO ACTION ON UPDATE NO ACTION
) ENGINE=InnoDB DEFAULT CHARSET=latin1;
/*!40101 SET character_set_client = @saved_cs_client */;

--
-- Dumping data for table `activities`
--

LOCK TABLES `activities` WRITE;
/*!40000 ALTER TABLE `activities` DISABLE KEYS */;
/*!40000 ALTER TABLE `activities` ENABLE KEYS */;
UNLOCK TABLES;

--
-- Table structure for table `history`
--

DROP TABLE IF EXISTS `history`;
/*!40101 SET @saved_cs_client     = @@character_set_client */;
/*!40101 SET character_set_client = utf8 */;
CREATE TABLE `history` (
  `id` int(11) NOT NULL AUTO_INCREMENT,
  `userid` int(11) NOT NULL,
  `historystring` varchar(200) DEFAULT NULL,
  `count` int(11) DEFAULT NULL,
  PRIMARY KEY (`id`),
  KEY `fkey_user_account_idx` (`userid`),
  CONSTRAINT `fkey_user_account` FOREIGN KEY (`userid`) REFERENCES `user_account` (`id`) ON DELETE NO ACTION ON UPDATE NO ACTION
) ENGINE=InnoDB DEFAULT CHARSET=latin1;
/*!40101 SET character_set_client = @saved_cs_client */;

--
-- Dumping data for table `history`
--

LOCK TABLES `history` WRITE;
/*!40000 ALTER TABLE `history` DISABLE KEYS */;
/*!40000 ALTER TABLE `history` ENABLE KEYS */;
UNLOCK TABLES;

--
-- Table structure for table `map`
--

DROP TABLE IF EXISTS `map`;
/*!40101 SET @saved_cs_client     = @@character_set_client */;
/*!40101 SET character_set_client = utf8 */;
CREATE TABLE `map` (
  `id` int(11) NOT NULL AUTO_INCREMENT,
  `name` varchar(128) NOT NULL,
  `image_name` varchar(256) DEFAULT NULL,
  `image` blob,
  `scale` float DEFAULT NULL,
  `map_abbr` varchar(128) DEFAULT NULL,
  PRIMARY KEY (`id`),
  UNIQUE KEY `id_UNIQUE` (`id`)
) ENGINE=InnoDB AUTO_INCREMENT=8 DEFAULT CHARSET=latin1;
/*!40101 SET character_set_client = @saved_cs_client */;

--
-- Dumping data for table `map`
--

LOCK TABLES `map` WRITE;
/*!40000 ALTER TABLE `map` DISABLE KEYS */;
INSERT INTO `map` VALUES (1,'Campus Map','Final_Campus_Map.jpg',NULL,NULL,'Campus Map'),(2,'Atwater Kent  Laboratories- GroundFloor','Final_AK_Ground_Floor.jpg',NULL,NULL,'AK-G'),(3,'Atwater Kent  Laboratories- First Floor 1st','Final_AK_First_Floor.jpg',NULL,NULL,'AK-1'),(4,'Atwater Kent  Laboratories- Second Floor 2nd','Final_AK_Second_Floor.jpg',NULL,NULL,'AK-2'),(5,'Atwater Kent  Laboratories- Third Floor 3rd','Final_AK_Third_Floor.jpg',NULL,NULL,'AK-3'),(6,'Project Center-First Floor 1st','Final_Project_Center_First_Floor.jpg',NULL,NULL,'PC-1'),(7,'Project Center-Second Floor 2nd','Final_Project_Center_Second_Floor.jpg',NULL,NULL,'PC-2');
/*!40000 ALTER TABLE `map` ENABLE KEYS */;
UNLOCK TABLES;

--
-- Table structure for table `maprelations`
--

DROP TABLE IF EXISTS `maprelations`;
/*!40101 SET @saved_cs_client     = @@character_set_client */;
/*!40101 SET character_set_client = utf8 */;
CREATE TABLE `maprelations` (
  `id` int(11) NOT NULL AUTO_INCREMENT,
  `node_from` int(11) NOT NULL,
  `node_to` int(11) NOT NULL,
  `distance` varchar(45) DEFAULT NULL,
  PRIMARY KEY (`id`),
  KEY `fk_node_from_idx` (`node_from`),
  KEY `fk_node_to_idx` (`node_to`),
  CONSTRAINT `fk_node_from_map` FOREIGN KEY (`node_from`) REFERENCES `node` (`id`) ON DELETE NO ACTION ON UPDATE NO ACTION,
  CONSTRAINT `fk_node_to_map` FOREIGN KEY (`node_to`) REFERENCES `node` (`id`) ON DELETE NO ACTION ON UPDATE NO ACTION
) ENGINE=InnoDB AUTO_INCREMENT=15 DEFAULT CHARSET=latin1;
/*!40101 SET character_set_client = @saved_cs_client */;

--
-- Dumping data for table `maprelations`
--

LOCK TABLES `maprelations` WRITE;
/*!40000 ALTER TABLE `maprelations` DISABLE KEYS */;
INSERT INTO `maprelations` VALUES (1,8,183,'10.0'),(2,349,312,'10.0'),(3,283,369,'10.0'),(4,405,326,'10.0'),(5,289,402,'10'),(6,512,351,'10.0'),(7,368,485,'10.0'),(8,404,511,'10.0'),(9,510,402,'10'),(10,312,556,'10.0'),(11,564,326,'10.0'),(12,576,289,'10'),(13,578,303,'0.0'),(14,588,583,'0');
/*!40000 ALTER TABLE `maprelations` ENABLE KEYS */;
UNLOCK TABLES;

--
-- Table structure for table `node`
--

DROP TABLE IF EXISTS `node`;
/*!40101 SET @saved_cs_client     = @@character_set_client */;
/*!40101 SET character_set_client = utf8 */;
CREATE TABLE `node` (
  `id` int(11) NOT NULL AUTO_INCREMENT,
  `name` varchar(128) NOT NULL DEFAULT 'wayPoint',
  `x` int(11) NOT NULL,
  `y` int(11) NOT NULL,
  `map_id` int(11) NOT NULL,
  `classification` varchar(128) NOT NULL DEFAULT 'undefined',
  PRIMARY KEY (`id`),
  UNIQUE KEY `id_UNIQUE` (`id`),
  KEY `fk_map_id_idx` (`map_id`),
  CONSTRAINT `fk_map_id` FOREIGN KEY (`map_id`) REFERENCES `map` (`id`) ON DELETE NO ACTION ON UPDATE NO ACTION
) ENGINE=InnoDB AUTO_INCREMENT=589 DEFAULT CHARSET=latin1;
/*!40101 SET character_set_client = @saved_cs_client */;

--
-- Dumping data for table `node`
--

LOCK TABLES `node` WRITE;
/*!40000 ALTER TABLE `node` DISABLE KEYS */;
INSERT INTO `node` VALUES (1,'104',120,258,6,'OFFICE'),(2,'104A',255,253,6,'OFFICE'),(3,'103',213,397,6,'OFFICE'),(4,'102',81,400,6,'OFFICE'),(5,'101',197,616,6,'OFFICE'),(6,'101B',275,484,6,'PATHNODE'),(7,'100E',332,389,6,'PATHNODE'),(8,'100F',334,209,6,'PATHNODE'),(9,'107',505,255,6,'OFFICE'),(10,'108',688,249,6,'OFFICE'),(11,'108A',768,250,6,'OFFICE'),(12,'109',888,249,6,'OFFICE'),(13,'109A',888,362,6,'OFFICE'),(14,'100C',791,463,6,'PATHNODE'),(15,'110',855,447,6,'OFFICE'),(16,'111',943,448,6,'OFFICE'),(17,'Location',944,548,6,'PATHNODE'),(18,'113',841,625,6,'OFFICE'),(19,'114',923,624,6,'OFFICE'),(20,'100A',873,693,6,'PATHNODE'),(21,'100B',760,601,6,'PATHNODE'),(22,'106',551,562,6,'OFFICE'),(23,'Location',214,302,6,'PATHNODE'),(24,'Location',123,358,6,'PATHNODE'),(25,'Location',294,354,6,'PATHNODE'),(26,'Location',101,458,6,'PATHNODE'),(27,'Location',225,482,6,'PATHNODE'),(28,'Location',256,518,6,'PATHNODE'),(29,'Location',352,456,6,'PATHNODE'),(30,'Location',418,440,6,'PATHNODE'),(31,'Location',715,681,6,'PATHNODE'),(32,'Location',576,328,6,'PATHNODE'),(33,'Location',645,305,6,'PATHNODE'),(34,'Location',781,330,6,'PATHNODE'),(35,'Location',815,362,6,'PATHNODE'),(36,'Location',853,330,6,'PATHNODE'),(37,'Location',807,550,6,'PATHNODE'),(38,'Location',907,458,6,'PATHNODE'),(39,'Location',853,661,6,'PATHNODE'),(40,'Location',901,661,6,'PATHNODE'),(41,'Location',417,386,6,'PATHNODE'),(42,'Location',576,379,6,'PATHNODE'),(43,'Location',747,380,6,'PATHNODE'),(44,'Location',812,685,6,'PATHNODE'),(45,'Location',762,680,6,'PATHNODE'),(46,'Location',748,461,6,'PATHNODE'),(47,'Location',255,331,6,'PATHNODE'),(48,'Location',876,541,6,'PATHNODE'),(49,'Location',751,543,6,'PATHNODE'),(50,'127',145,773,3,'OFFICE'),(51,'126',44,771,3,'OFFICE'),(52,'126A',41,712,3,'OFFICE'),(53,'125',40,662,3,'OFFICE'),(54,'124',33,597,3,'OFFICE'),(55,'122',33,521,3,'OFFICE'),(56,'123',138,602,3,'OFFICE'),(57,'131',138,676,3,'OFFICE'),(58,'121',33,457,3,'OFFICE'),(59,'120D',96,358,3,'OFFICE'),(60,'120C',243,350,3,'OFFICE'),(61,'120E',49,250,3,'OFFICE'),(62,'109A',154,248,3,'OFFICE'),(63,'109',255,247,3,'OFFICE'),(64,'120A',172,447,3,'OFFICE'),(65,'120B',275,458,3,'OFFICE'),(66,'119',353,460,3,'OFFICE'),(67,'118',400,452,3,'OFFICE'),(68,'117',467,456,3,'OFFICE'),(69,'115',571,459,3,'OFFICE'),(70,'113C',637,399,3,'OFFICE'),(71,'113',533,348,3,'OFFICE'),(72,'113A',378,335,3,'OFFICE'),(73,'113B',379,405,3,'OFFICE'),(74,'132',503,255,3,'OFFICE'),(75,'108',246,132,3,'OFFICE'),(76,'106',366,120,3,'OFFICE'),(77,'107',348,175,3,'OFFICE'),(78,'105',433,139,3,'OFFICE'),(79,'104',484,136,3,'OFFICE'),(80,'103',526,131,3,'OFFICE'),(81,'102',567,133,3,'OFFICE'),(82,'101',613,129,3,'OFFICE'),(83,'100',673,149,3,'OFFICE'),(84,'116',807,676,3,'OFFICE'),(85,'116A',972,592,3,'OFFICE'),(86,'116B',969,791,3,'OFFICE'),(87,'112D',831,458,3,'OFFICE'),(88,'114',730,461,3,'OFFICE'),(89,'112F',736,406,3,'OFFICE'),(90,'112E',806,385,3,'OFFICE'),(91,'111',757,281,3,'OFFICE'),(92,'111A',848,259,3,'OFFICE'),(93,'112',887,360,3,'OFFICE'),(94,'112A',975,372,3,'OFFICE'),(95,'112B',974,449,3,'OFFICE'),(96,'130',245,595,3,'OFFICE'),(97,'129',243,658,3,'OFFICE'),(98,'128',238,741,3,'OFFICE'),(99,'232',65,770,4,'OFFICE'),(100,'231',55,684,4,'OFFICE'),(101,'230',55,615,4,'OFFICE'),(102,'229',44,541,4,'OFFICE'),(103,'233',200,714,4,'OFFICE'),(104,'228',48,472,4,'OFFICE'),(105,'227',97,328,4,'OFFICE'),(106,'226',159,473,4,'OFFICE'),(107,'225',248,467,4,'OFFICE'),(108,'207A',262,362,4,'OFFICE'),(109,'224',362,475,4,'OFFICE'),(110,'223',405,467,4,'OFFICE'),(111,'222',490,468,4,'OFFICE'),(112,'221',593,473,4,'OFFICE'),(113,'211B',616,393,4,'OFFICE'),(114,'211A',612,286,4,'OFFICE'),(115,'0',501,343,4,'OFFICE'),(116,'209',435,319,4,'OFFICE'),(117,'208A',375,289,4,'OFFICE'),(118,'208B',368,378,4,'OFFICE'),(119,'207',293,260,4,'OFFICE'),(120,'206',236,150,4,'OFFICE'),(121,'205',307,145,4,'OFFICE'),(122,'204',351,146,4,'OFFICE'),(123,'203',415,144,4,'OFFICE'),(124,'202',546,141,4,'OFFICE'),(125,'201',774,128,4,'OFFICE'),(126,'212',748,304,4,'OFFICE'),(127,'212A',894,300,4,'OFFICE'),(128,'212B',891,386,4,'OFFICE'),(129,'212C',753,415,4,'OFFICE'),(130,'220',766,473,4,'OFFICE'),(131,'213',861,470,4,'OFFICE'),(132,'214',970,469,4,'OFFICE'),(133,'215',976,543,4,'OFFICE'),(134,'216',974,612,4,'OFFICE'),(135,'217',972,668,4,'OFFICE'),(136,'218',961,769,4,'OFFICE'),(137,'219',814,711,4,'OFFICE'),(138,'323A',117,694,5,'OFFICE'),(139,'323',113,577,5,'OFFICE'),(140,'322',84,494,5,'OFFICE'),(141,'324A',163,531,5,'OFFICE'),(142,'324',211,504,5,'OFFICE'),(143,'325',260,491,5,'OFFICE'),(144,'326',507,485,5,'OFFICE'),(145,'327',734,487,5,'OFFICE'),(146,'328',800,504,5,'OFFICE'),(147,'328A',847,532,5,'OFFICE'),(148,'329',929,501,5,'OFFICE'),(149,'330',880,562,5,'OFFICE'),(150,'330',928,442,5,'OFFICE'),(151,'315',846,347,5,'OFFICE'),(152,'316',718,406,5,'OFFICE'),(153,'317A',599,338,5,'OFFICE'),(154,'317B',487,335,5,'OFFICE'),(155,'318',392,334,5,'OFFICE'),(156,'320',159,350,5,'OFFICE'),(157,'320C',293,364,5,'OFFICE'),(158,'320A',241,263,5,'OFFICE'),(159,'319',295,245,5,'OFFICE'),(160,'312',238,219,5,'OFFICE'),(161,'311',249,143,5,'OFFICE'),(162,'310',322,145,5,'OFFICE'),(163,'309',368,143,5,'OFFICE'),(164,'308',409,142,5,'OFFICE'),(165,'307',453,143,5,'OFFICE'),(166,'306',497,143,5,'OFFICE'),(167,'305',537,142,5,'OFFICE'),(168,'304',583,142,5,'OFFICE'),(169,'303',624,141,5,'OFFICE'),(170,'302',666,142,5,'OFFICE'),(171,'301',717,133,5,'OFFICE'),(172,'301A',779,130,5,'OFFICE'),(173,'313',780,234,5,'OFFICE'),(174,'314',721,260,5,'OFFICE'),(175,'212A',76,275,7,'OFFICE'),(176,'Location',76,349,7,'PATHNODE'),(177,'Location',120,346,7,'PATHNODE'),(178,'212',193,273,7,'OFFICE'),(179,'Location',241,426,7,'PATHNODE'),(180,'211',119,418,7,'OFFICE'),(181,'Location',192,345,7,'PATHNODE'),(182,'Location',240,343,7,'PATHNODE'),(183,'200C',306,230,7,'PATHNODE'),(184,'Location',298,426,7,'PATHNODE'),(185,'213',388,273,7,'OFFICE'),(186,'Location',410,359,7,'PATHNODE'),(187,'Location',411,424,7,'PATHNODE'),(188,'Location',363,427,7,'PATHNODE'),(189,'210A',362,375,7,'OFFICE'),(190,'214',495,261,7,'OFFICE'),(191,'Location',489,423,7,'PATHNODE'),(192,'Location',684,417,7,'PATHNODE'),(193,'215',671,265,7,'OFFICE'),(194,'216',823,259,7,'OFFICE'),(195,'Location',777,395,7,'PATHNODE'),(196,'200A',856,391,7,'OFFICE'),(197,'219',851,331,7,'OFFICE'),(198,'202',859,476,7,'OFFICE'),(199,'Location',774,253,7,'PATHNODE'),(200,'Location',777,474,7,'PATHNODE'),(201,'203',861,552,7,'OFFICE'),(202,'Location',777,554,7,'PATHNODE'),(203,'204',803,658,7,'OFFICE'),(204,'Location',800,583,7,'PATHNODE'),(205,'Location',618,415,7,'PATHNODE'),(206,'201',622,513,7,'OFFICE'),(207,'Location',551,507,7,'PATHNODE'),(208,'Location',557,578,7,'PATHNODE'),(209,'Location',553,628,7,'PATHNODE'),(210,'205',652,623,7,'OFFICE'),(211,'206',489,624,7,'OFFICE'),(212,'207',293,624,7,'OFFICE'),(213,'210C',371,501,7,'OFFICE'),(214,'Location',297,499,7,'PATHNODE'),(215,'210B',248,536,7,'OFFICE'),(216,'210A',244,485,7,'OFFICE'),(217,'210',112,503,7,'OFFICE'),(218,'Location',294,537,7,'PATHNODE'),(219,'208',109,645,7,'OFFICE'),(220,'Location',185,619,7,'PATHNODE'),(221,'027',125,222,2,'OFFICE'),(222,'024A',82,326,2,'OFFICE'),(223,'024B',69,391,2,'OFFICE'),(224,'025',147,384,2,'OFFICE'),(225,'026',138,313,2,'OFFICE'),(238,'Location',216,575,7,'PATHNODE'),(239,'Location',85,780,3,'PATHNODE'),(240,'Location',215,779,3,'PATHNODE'),(241,'Location',144,725,3,'PATHNODE'),(242,'Location',84,711,3,'PATHNODE'),(243,'Location',84,641,3,'PATHNODE'),(244,'Location',86,620,3,'PATHNODE'),(245,'Location',114,620,3,'PATHNODE'),(246,'Location',148,699,3,'PATHNODE'),(247,'Location',212,641,3,'PATHNODE'),(248,'Location',212,615,3,'PATHNODE'),(249,'Location',86,506,3,'PATHNODE'),(250,'Location',87,479,3,'PATHNODE'),(251,'Location',247,471,3,'PATHNODE'),(252,'Location',287,430,3,'PATHNODE'),(253,'Location',305,374,3,'PATHNODE'),(254,'Location',261,290,3,'PATHNODE'),(255,'Location',205,311,3,'PATHNODE'),(256,'Location',92,286,3,'PATHNODE'),(257,'Location',103,243,3,'PATHNODE'),(258,'Location',223,242,3,'PATHNODE'),(259,'Location',292,242,3,'PATHNODE'),(260,'Location',340,373,3,'PATHNODE'),(261,'Location',361,290,3,'PATHNODE'),(262,'Location',428,305,3,'PATHNODE'),(263,'Location',343,436,3,'PATHNODE'),(264,'Location',390,497,3,'PATHNODE'),(265,'Location',440,492,3,'PATHNODE'),(266,'Location',662,447,3,'PATHNODE'),(267,'Location',663,381,3,'PATHNODE'),(268,'Location',617,380,3,'PATHNODE'),(269,'Location',505,230,3,'PATHNODE'),(270,'Location',333,225,3,'PATHNODE'),(271,'Location',210,193,3,'PATHNODE'),(272,'Location',298,191,3,'PATHNODE'),(273,'Location',388,194,3,'PATHNODE'),(274,'Location',372,172,3,'PATHNODE'),(275,'Location',451,191,3,'PATHNODE'),(276,'Location',482,194,3,'PATHNODE'),(277,'Location',543,193,3,'PATHNODE'),(278,'Location',568,192,3,'PATHNODE'),(279,'Location',627,193,3,'PATHNODE'),(280,'Location',691,121,3,'PATHNODE'),(281,'Location',691,193,3,'PATHNODE'),(282,'Location',736,159,3,'PATHNODE'),(283,'Location',745,193,3,'PATHNODE'),(284,'Location',714,244,3,'PATHNODE'),(285,'Location',701,320,3,'PATHNODE'),(286,'Location',822,244,3,'PATHNODE'),(287,'Location',837,295,3,'PATHNODE'),(288,'Location',879,294,3,'PATHNODE'),(289,'Location',762,366,3,'PATHNODE'),(290,'Location',953,381,3,'PATHNODE'),(291,'Location',847,367,3,'PATHNODE'),(292,'Location',867,435,3,'PATHNODE'),(293,'Location',780,399,3,'PATHNODE'),(294,'Location',953,441,3,'PATHNODE'),(295,'Location',718,511,3,'PATHNODE'),(296,'Location',939,574,3,'PATHNODE'),(297,'Location',944,802,3,'PATHNODE'),(298,'Location',948,596,3,'PATHNODE'),(299,'Location',746,571,3,'PATHNODE'),(300,'Location',278,504,3,'PATHNODE'),(301,'Location',502,572,3,'PATHNODE'),(302,'Location',499,523,3,'PATHNODE'),(303,'Location',506,626,3,'PATHNODE'),(304,'Location',121,711,3,'PATHNODE'),(305,'Location',197,709,3,'PATHNODE'),(306,'Location',169,710,3,'PATHNODE'),(307,'Location',101,681,3,'PATHNODE'),(308,'Location',192,638,3,'PATHNODE'),(309,'Location',191,611,3,'PATHNODE'),(310,'Location',99,598,3,'PATHNODE'),(311,'Location',106,504,3,'PATHNODE'),(312,'Location',166,505,3,'PATHNODE'),(313,'Location',100,428,3,'PATHNODE'),(314,'Location',334,262,3,'PATHNODE'),(315,'Location',364,261,3,'PATHNODE'),(316,'Location',99,539,3,'PATHNODE'),(317,'Location',198,542,3,'PATHNODE'),(318,'Location',324,505,3,'PATHNODE'),(319,'Location',320,527,3,'PATHNODE'),(320,'Location',390,528,3,'PATHNODE'),(321,'Location',440,529,3,'PATHNODE'),(322,'Location',683,526,3,'PATHNODE'),(323,'Location',698,440,3,'PATHNODE'),(324,'Location',700,366,3,'PATHNODE'),(325,'Location',683,403,3,'PATHNODE'),(326,'Location',772,512,3,'PATHNODE'),(327,'Location',321,435,3,'PATHNODE'),(328,'Location',323,398,3,'PATHNODE'),(329,'Location',353,209,3,'PATHNODE'),(330,'Location',422,210,3,'PATHNODE'),(331,'Location',452,211,3,'PATHNODE'),(332,'Location',503,209,3,'PATHNODE'),(333,'Location',553,215,3,'PATHNODE'),(334,'Location',630,213,3,'PATHNODE'),(335,'Location',688,215,3,'PATHNODE'),(336,'Location',748,214,3,'PATHNODE'),(337,'Location',674,256,3,'PATHNODE'),(338,'Location',851,322,3,'PATHNODE'),(339,'Location',109,717,4,'PATHNODE'),(340,'Location',111,668,4,'PATHNODE'),(341,'Location',91,666,4,'PATHNODE'),(342,'Location',97,637,4,'PATHNODE'),(343,'Location',107,580,4,'PATHNODE'),(344,'Location',92,523,4,'PATHNODE'),(345,'Location',115,525,4,'PATHNODE'),(346,'Location',95,496,4,'PATHNODE'),(347,'Location',131,497,4,'PATHNODE'),(348,'Location',120,443,4,'PATHNODE'),(349,'Location',141,524,4,'PATHNODE'),(350,'Location',282,521,4,'PATHNODE'),(351,'Location',230,528,4,'PATHNODE'),(352,'Location',314,457,4,'PATHNODE'),(353,'Location',312,426,4,'PATHNODE'),(354,'Location',260,281,4,'PATHNODE'),(355,'Location',273,259,4,'PATHNODE'),(356,'Location',245,241,4,'PATHNODE'),(357,'Location',219,258,4,'PATHNODE'),(358,'Location',271,204,4,'PATHNODE'),(359,'Location',302,202,4,'PATHNODE'),(360,'Location',360,202,4,'PATHNODE'),(361,'Location',389,206,4,'PATHNODE'),(362,'Location',482,203,4,'PATHNODE'),(363,'Location',464,144,4,'PATHNODE'),(364,'Location',647,147,4,'PATHNODE'),(365,'Location',669,201,4,'PATHNODE'),(366,'Location',713,202,4,'PATHNODE'),(367,'Location',727,143,4,'PATHNODE'),(368,'Location',763,164,4,'PATHNODE'),(369,'Location',761,193,4,'PATHNODE'),(370,'Location',752,219,4,'PATHNODE'),(371,'Location',710,222,4,'PATHNODE'),(372,'Location',667,221,4,'PATHNODE'),(373,'Location',603,241,4,'PATHNODE'),(374,'Location',602,221,4,'PATHNODE'),(375,'Location',521,237,4,'PATHNODE'),(376,'Location',424,241,4,'PATHNODE'),(377,'Location',521,217,4,'PATHNODE'),(378,'Location',399,385,4,'PATHNODE'),(379,'Location',419,398,4,'PATHNODE'),(380,'Location',350,273,4,'PATHNODE'),(381,'Location',329,272,4,'PATHNODE'),(382,'Location',353,432,4,'PATHNODE'),(383,'Location',333,430,4,'PATHNODE'),(384,'Location',331,520,4,'PATHNODE'),(385,'Location',327,543,4,'PATHNODE'),(386,'Location',408,507,4,'PATHNODE'),(387,'Location',407,544,4,'PATHNODE'),(388,'Location',439,544,4,'PATHNODE'),(389,'Location',435,510,4,'PATHNODE'),(390,'Location',603,511,4,'PATHNODE'),(391,'Location',602,543,4,'PATHNODE'),(392,'Location',622,443,4,'PATHNODE'),(393,'Location',567,428,4,'PATHNODE'),(394,'Location',625,341,4,'PATHNODE'),(395,'Location',677,428,4,'PATHNODE'),(396,'Location',696,457,4,'PATHNODE'),(397,'Location',673,458,4,'PATHNODE'),(398,'Location',718,457,4,'PATHNODE'),(399,'Location',692,365,4,'PATHNODE'),(400,'Location',692,295,4,'PATHNODE'),(401,'Location',718,294,4,'PATHNODE'),(402,'Location',774,370,4,'PATHNODE'),(403,'Location',694,527,4,'PATHNODE'),(404,'Location',798,526,4,'PATHNODE'),(405,'Location',896,524,4,'PATHNODE'),(406,'Location',798,560,4,'PATHNODE'),(407,'Location',893,559,4,'PATHNODE'),(408,'Location',891,491,4,'PATHNODE'),(409,'Location',940,490,4,'PATHNODE'),(410,'Location',906,433,4,'PATHNODE'),(411,'Location',791,295,4,'PATHNODE'),(412,'Location',789,237,4,'PATHNODE'),(413,'Location',803,265,4,'PATHNODE'),(414,'Location',945,522,4,'PATHNODE'),(415,'Location',945,624,4,'PATHNODE'),(416,'Location',886,595,4,'PATHNODE'),(417,'Location',918,608,4,'PATHNODE'),(418,'Location',921,557,4,'PATHNODE'),(419,'Location',919,522,4,'PATHNODE'),(420,'Location',914,490,4,'PATHNODE'),(421,'Location',944,656,4,'PATHNODE'),(422,'Location',934,699,4,'PATHNODE'),(423,'Location',913,831,4,'PATHNODE'),(424,'Location',817,823,4,'PATHNODE'),(425,'Location',812,599,4,'PATHNODE'),(426,'Location',133,830,4,'PATHNODE'),(427,'Location',161,601,4,'PATHNODE'),(428,'Location',115,602,4,'PATHNODE'),(429,'Location',124,634,4,'PATHNODE'),(430,'Location',200,825,4,'PATHNODE'),(431,'Location',195,619,4,'PATHNODE'),(432,'Location',272,224,4,'PATHNODE'),(433,'Location',302,224,4,'PATHNODE'),(434,'Location',330,225,4,'PATHNODE'),(435,'Location',360,223,4,'PATHNODE'),(436,'Location',388,227,4,'PATHNODE'),(437,'Location',425,220,4,'PATHNODE'),(438,'Location',481,226,4,'PATHNODE'),(439,'Location',342,457,4,'PATHNODE'),(440,'Location',793,427,4,'PATHNODE'),(441,'Location',121,636,5,'PATHNODE'),(442,'Location',121,518,5,'PATHNODE'),(443,'Location',119,497,5,'PATHNODE'),(444,'Location',131,471,5,'PATHNODE'),(445,'Location',166,506,5,'PATHNODE'),(446,'Location',282,472,5,'PATHNODE'),(447,'Location',295,438,5,'PATHNODE'),(448,'Location',297,311,5,'PATHNODE'),(449,'Location',133,434,5,'PATHNODE'),(450,'Location',231,284,5,'PATHNODE'),(451,'Location',228,304,5,'PATHNODE'),(452,'Location',324,292,5,'PATHNODE'),(453,'Location',278,291,5,'PATHNODE'),(454,'Location',293,224,5,'PATHNODE'),(455,'Location',265,199,5,'PATHNODE'),(456,'Location',286,185,5,'PATHNODE'),(457,'Location',315,183,5,'PATHNODE'),(458,'Location',314,206,5,'PATHNODE'),(459,'Location',341,206,5,'PATHNODE'),(460,'Location',382,436,5,'PATHNODE'),(461,'Location',467,432,5,'PATHNODE'),(462,'Location',463,227,5,'PATHNODE'),(463,'Location',374,183,5,'PATHNODE'),(464,'Location',403,179,5,'PATHNODE'),(465,'Location',460,181,5,'PATHNODE'),(466,'Location',491,182,5,'PATHNODE'),(467,'Location',547,182,5,'PATHNODE'),(468,'Location',371,205,5,'PATHNODE'),(469,'Location',403,207,5,'PATHNODE'),(470,'Location',392,229,5,'PATHNODE'),(471,'Location',460,205,5,'PATHNODE'),(472,'Location',491,204,5,'PATHNODE'),(473,'Location',547,207,5,'PATHNODE'),(474,'Location',577,206,5,'PATHNODE'),(475,'Location',578,184,5,'PATHNODE'),(476,'Location',634,205,5,'PATHNODE'),(477,'Location',634,182,5,'PATHNODE'),(478,'Location',661,207,5,'PATHNODE'),(479,'Location',662,183,5,'PATHNODE'),(480,'Location',657,315,5,'PATHNODE'),(481,'Location',680,314,5,'PATHNODE'),(482,'Location',702,316,5,'PATHNODE'),(483,'Location',688,206,5,'PATHNODE'),(484,'Location',703,184,5,'PATHNODE'),(485,'Location',733,178,5,'PATHNODE'),(486,'Location',730,208,5,'PATHNODE'),(487,'Location',734,291,5,'PATHNODE'),(488,'Location',766,198,5,'PATHNODE'),(489,'Location',719,435,5,'PATHNODE'),(490,'Location',893,434,5,'PATHNODE'),(491,'Location',794,316,5,'PATHNODE'),(492,'Location',880,537,5,'PATHNODE'),(493,'Location',886,501,5,'PATHNODE'),(494,'Location',909,500,5,'PATHNODE'),(495,'Location',839,508,5,'PATHNODE'),(496,'Location',705,472,5,'PATHNODE'),(497,'Location',511,464,5,'PATHNODE'),(498,'Location',891,456,5,'PATHNODE'),(499,'Location',729,456,5,'PATHNODE'),(500,'Location',536,456,5,'PATHNODE'),(501,'Location',467,457,5,'PATHNODE'),(502,'Location',381,459,5,'PATHNODE'),(503,'Location',302,459,5,'PATHNODE'),(504,'Location',160,457,5,'PATHNODE'),(505,'321',86,444,5,'OFFICE'),(506,'Location',340,455,5,'PATHNODE'),(507,'Location',680,454,5,'PATHNODE'),(508,'Location',748,152,5,'PATHNODE'),(509,'Location',680,349,5,'PATHNODE'),(510,'Location',747,351,5,'PATHNODE'),(511,'Location',852,482,5,'PATHNODE'),(512,'Location',153,483,5,'PATHNODE'),(513,'024',142,411,2,'OFFICE'),(514,'023',71,438,2,'OFFICE'),(515,'020',86,522,2,'OFFICE'),(516,'002',719,284,2,'OFFICE'),(517,'001A',756,252,2,'OFFICE'),(518,'001B',810,258,2,'OFFICE'),(519,'001',896,260,2,'OFFICE'),(520,'003',943,448,2,'OFFICE'),(521,'012',760,521,2,'OFFICE'),(522,'011',759,577,2,'OFFICE'),(523,'010',756,632,2,'OFFICE'),(524,'009',756,689,2,'OFFICE'),(525,'008',845,677,2,'OFFICE'),(526,'007',844,631,2,'OFFICE'),(527,'006',845,583,2,'OFFICE'),(528,'005',843,514,2,'OFFICE'),(529,'004',903,581,2,'OFFICE'),(530,'004A',969,577,2,'OFFICE'),(531,'014',235,605,2,'OFFICE'),(532,'015',233,687,2,'OFFICE'),(533,'Location',123,271,2,'PATHNODE'),(534,'Location',192,268,2,'PATHNODE'),(535,'Location',195,351,2,'PATHNODE'),(536,'Location',140,345,2,'PATHNODE'),(537,'Location',195,375,2,'PATHNODE'),(538,'Location',169,375,2,'PATHNODE'),(539,'Location',194,408,2,'PATHNODE'),(540,'Location',103,407,2,'PATHNODE'),(541,'Location',100,360,2,'PATHNODE'),(542,'Location',132,449,2,'PATHNODE'),(543,'Location',133,534,2,'PATHNODE'),(544,'019',84,579,2,'OFFICE'),(545,'018',84,659,2,'OFFICE'),(546,'Location',133,568,2,'PATHNODE'),(547,'Location',131,659,2,'PATHNODE'),(548,'Location',131,600,2,'PATHNODE'),(549,'Location',131,708,2,'PATHNODE'),(550,'Location',178,708,2,'PATHNODE'),(551,'Location',174,682,2,'PATHNODE'),(552,'Location',178,599,2,'PATHNODE'),(553,'Location',193,448,2,'PATHNODE'),(554,'Location',191,469,2,'PATHNODE'),(555,'Location',296,465,2,'PATHNODE'),(556,'Location',290,438,2,'PATHNODE'),(557,'013',279,518,2,'OFFICE'),(558,'Location',238,535,2,'PATHNODE'),(559,'Location',182,532,2,'PATHNODE'),(560,'Location',416,435,2,'PATHNODE'),(561,'Location',538,434,2,'PATHNODE'),(562,'Location',536,465,2,'PATHNODE'),(563,'Location',811,437,2,'PATHNODE'),(564,'Location',840,436,2,'PATHNODE'),(565,'Location',839,468,2,'PATHNODE'),(566,'Location',809,507,2,'PATHNODE'),(567,'Location',807,595,2,'PATHNODE'),(568,'Location',808,626,2,'PATHNODE'),(569,'Location',807,679,2,'PATHNODE'),(570,'Location',808,713,2,'PATHNODE'),(571,'Location',906,714,2,'PATHNODE'),(572,'Location',906,515,2,'PATHNODE'),(573,'Location',877,463,2,'PATHNODE'),(574,'Location',967,511,2,'PATHNODE'),(575,'Location',802,302,2,'PATHNODE'),(576,'Location',757,292,2,'PATHNODE'),(577,'Location',895,300,2,'PATHNODE'),(578,'Atwater Kent Laboratories',468,456,1,'PATHNODE'),(579,'Fuller Laboratories',503,475,1,'PATHNODE'),(580,'Keven Hall',536,483,1,'PATHNODE'),(581,'Salisbury Laboratories',469,501,1,'PATHNODE'),(582,'Gordon Library',508,534,1,'PATHNODE'),(583,'Project Center',439,531,1,'PATHNODE'),(584,'Location',462,524,1,'PATHNODE'),(585,'Location',486,532,1,'PATHNODE'),(586,'Location',496,499,1,'PATHNODE'),(587,'Location',462,477,1,'PATHNODE'),(588,'Location',969,693,6,'PATHNODE');
/*!40000 ALTER TABLE `node` ENABLE KEYS */;
UNLOCK TABLES;

--
-- Table structure for table `relations`
--

DROP TABLE IF EXISTS `relations`;
/*!40101 SET @saved_cs_client     = @@character_set_client */;
/*!40101 SET character_set_client = utf8 */;
CREATE TABLE `relations` (
  `id` int(11) NOT NULL AUTO_INCREMENT,
  `node_from` int(11) NOT NULL,
  `node_to` int(11) NOT NULL,
  `distance` double NOT NULL DEFAULT '0',
  PRIMARY KEY (`id`),
  KEY `fk_node_from_idx` (`node_from`),
  KEY `fk_node_to_idx` (`node_to`),
  CONSTRAINT `fk_node_from` FOREIGN KEY (`node_from`) REFERENCES `node` (`id`) ON DELETE NO ACTION ON UPDATE NO ACTION,
  CONSTRAINT `fk_node_to` FOREIGN KEY (`node_to`) REFERENCES `node` (`id`) ON DELETE NO ACTION ON UPDATE NO ACTION
) ENGINE=InnoDB AUTO_INCREMENT=687 DEFAULT CHARSET=latin1;
/*!40101 SET character_set_client = @saved_cs_client */;

--
-- Dumping data for table `relations`
--

LOCK TABLES `relations` WRITE;
/*!40000 ALTER TABLE `relations` DISABLE KEYS */;
INSERT INTO `relations` VALUES (1,1,23,103.78824596263297),(2,23,2,63.89053137985315),(3,4,24,59.39696961966999),(4,4,26,61.35144660071187),(5,3,25,91.706052144883),(6,3,24,98.08669634563088),(7,2,47,78),(8,47,25,45.27692569068709),(9,25,7,51.66236541235796),(10,7,41,85.05292469985967),(11,7,8,180.01111076819674),(12,7,29,69.92138442565336),(13,41,30,54.00925846556311),(14,30,22,180.47991578012218),(15,9,32,101.83319694480774),(16,10,33,70.60453243241541),(17,9,33,148.66068747318505),(18,32,42,51),(19,11,34,81.04936767180853),(20,12,36,88.23831367382311),(21,13,35,73),(22,15,37,113.63538181394033),(23,15,38,53.150729063673246),(24,16,38,37.36308338453881),(25,15,48,96.317184344228),(26,17,48,68.3593446428504),(27,41,42,159.15401345866212),(28,42,43,171.00292395160966),(29,43,34,60.4648658313239),(30,43,35,70.3420215802759),(31,32,33,72.73238618387272),(32,43,46,81.00617260431454),(33,46,14,43.04648650006177),(35,46,49,82.05485969764375),(36,49,37,56.43580423808985),(37,49,21,58.69412236331676),(38,21,45,79.02531240052139),(39,45,44,50.24937810560445),(40,44,20,61.5223536610881),(41,20,39,37.73592452822641),(42,39,18,37.94733192202055),(43,20,40,42.5205832509386),(44,40,19,43.04648650006177),(45,45,31,47.01063709417264),(46,22,31,202.6252698949467),(47,5,28,114.38968484964018),(48,5,27,136.8941196691808),(49,5,26,184.87833837418594),(50,27,6,50.039984012787215),(51,6,28,38.948684188300895),(52,6,29,81.93289937503738),(53,3,47,78.23042886243178),(54,36,13,47.4236228055175),(55,36,35,49.678969393496885),(56,175,176,74),(57,176,177,44.10215414239989),(58,177,181,72.00694410957877),(59,181,178,72.00694410957877),(60,181,182,48.041648597857254),(61,182,179,83.00602387778854),(62,179,180,122.2620137246234),(63,179,184,57),(64,184,188,65.00769185258002),(65,188,187,48.093658625644196),(66,184,183,196.16319736382766),(67,187,186,65.00769185258002),(68,186,185,88.76936408468859),(69,187,191,78.00640999302557),(70,191,190,162.11107303327555),(71,191,205,129.24782396620841),(72,205,192,66.03029607687671),(73,192,193,152.55490814785344),(74,192,195,95.56673061269805),(75,195,199,142.03168660548954),(76,199,194,49.36598018878993),(77,195,196,79.1012010022604),(78,196,197,60.207972893961475),(79,195,200,79),(80,200,198,82.02438661763951),(81,200,202,80),(82,202,204,37.013511046643494),(83,202,201,84.02380615040002),(84,204,203,75.05997601918082),(85,205,206,98.08159868191383),(86,207,206,71.25307010929424),(87,207,208,71.25307010929424),(88,208,209,50.15974481593781),(89,209,211,64.1248781675256),(90,209,210,99.12618221237011),(91,211,212,196),(92,212,220,108.11567878897121),(93,219,220,80.32434251209281),(94,212,218,87.00574693662483),(95,218,215,46.010868281309364),(96,218,214,38.118237105091836),(97,214,213,74.02702209328699),(98,184,214,73.00684899377592),(99,238,212,91.26883367283708),(100,238,217,126.49110640673517),(101,217,216,133.2216198670471),(102,216,238,94.25497334358543),(103,51,239,41.97618372363071),(104,239,50,60.40695324215582),(105,50,241,48.010415536631214),(106,50,240,70.25667228100119),(107,240,98,44.41846462902562),(108,241,304,26.92582403567252),(109,241,246,26.30589287593181),(110,241,306,29.154759474226502),(111,306,305,28.0178514522438),(112,304,242,37),(113,242,52,43.01162633521314),(114,242,307,34.48187929913333),(115,304,307,36.05551275463989),(116,307,243,43.46262762420146),(117,243,53,48.75448697299562),(118,243,245,36.61966684720111),(119,245,56,30),(120,246,57,25.079872407968907),(121,305,98,52.009614495783374),(122,305,308,71.17583859709698),(123,247,308,20.223748416156685),(124,247,97,35.35533905932738),(125,308,309,27.018512172212592),(126,248,309,21.37755832643195),(127,248,96,38.58756276314948),(128,245,244,28),(129,244,54,57.77542730261716),(130,244,310,25.553864678361276),(131,310,245,26.627053911388696),(132,310,243,45.5411901469428),(133,310,311,94.26027795418386),(134,249,311,20.09975124224178),(135,249,55,55.08175741568164),(136,311,313,76.23647421018367),(137,311,250,31.400636936215164),(138,250,58,58.309518948453004),(139,311,312,60.00833275470999),(140,313,59,70.11419257183242),(141,59,256,72.11102550927978),(142,256,61,56.08029957123981),(143,61,257,54.45181356024793),(144,257,62,51.24451190127583),(145,62,258,69.26037828369117),(146,59,255,118.70130580579136),(147,255,60,54.45181356024793),(148,60,254,62.6418390534633),(149,60,253,66.48308055437865),(150,254,255,59.80802621722272),(151,254,63,43.41658669218482),(152,258,63,32.38826948140329),(153,63,259,37.33630940518894),(154,258,254,61.220911460055866),(155,254,259,57.14017850864661),(156,259,270,44.384682042344295),(158,270,314,37.013511046643494),(159,314,315,30.01666203960727),(160,315,261,29.154759474226502),(161,315,74,139.12943613772032),(162,74,269,25.079872407968907),(163,271,75,70.83078426785913),(164,75,272,78.64477096412705),(165,316,317,99.04544411531506),(166,317,300,88.56635930193812),(167,317,248,74.33034373659252),(168,317,309,69.35416353759881),(169,300,318,46.010868281309364),(170,318,319,22.360679774997898),(171,319,320,70.00714249274856),(172,320,264,31),(173,320,321,50.00999900019995),(174,264,67,46.09772228646444),(175,60,252,91.30169768410661),(176,252,253,58.82176467941097),(177,252,65,30.463092423455635),(178,65,251,30.870698080866262),(179,251,64,78.74642849044012),(180,318,327,70.06425622241343),(181,327,328,37.05401462729781),(182,328,253,30),(183,328,260,30.23243291566195),(184,328,314,136.444127759314),(185,314,261,38.897300677553446),(186,261,72,48.104053883222775),(187,72,260,53.74011537017761),(188,72,262,58.309518948453004),(189,262,261,68.65857557508748),(190,261,260,85.61541917201598),(191,327,66,40.607881008493905),(192,66,263,26),(193,263,327,22.02271554554524),(194,321,265,37),(195,265,68,45),(196,321,302,59.30430001273095),(197,302,301,49.09175083453431),(198,301,303,54.147945482723536),(199,302,322,184.0244548966251),(200,322,266,81.74350127074322),(201,322,323,87.29833904490967),(202,266,69,91.7877987534291),(203,266,325,48.75448697299562),(204,323,325,39.92492955535426),(205,325,267,29.732137494637012),(206,267,70,31.622776601683793),(207,70,268,27.586228448267445),(208,268,71,89.88882021697692),(209,71,262,113.46365056704283),(210,270,329,25.612496949731394),(211,270,272,48.79549159502341),(212,272,329,57.87054518492115),(213,329,273,38.07886552931954),(214,273,274,27.202941017470888),(215,274,77,24.186773244895647),(216,274,76,52.3450093132096),(217,273,330,37.57658845611187),(218,330,331,30.01666203960727),(219,331,275,20.024984394500787),(220,275,78,55.02726596879042),(221,331,332,51.03920062069938),(222,331,276,34.48187929913333),(223,276,79,58.034472514187634),(224,332,269,21.095023109728988),(225,74,337,171.00292395160966),(226,337,284,41.7612260356422),(227,284,91,56.72741841473134),(228,91,285,68.24221567329127),(229,91,286,74.79304780526061),(230,91,287,81.21576201698781),(231,287,92,37.64306044943742),(232,92,288,46.75467891024384),(233,288,93,66.48308055437865),(234,93,291,40.607881008493905),(235,287,338,30.4138126514911),(236,338,91,102.55242561733974),(237,286,287,53.16013544000805),(238,286,92,30.01666203960727),(239,288,338,39.59797974644666),(240,90,291,44.77722635447622),(241,90,293,29.5296461204668),(242,293,89,44.553338819890925),(243,90,289,47.92702786528704),(244,324,289,62),(245,325,324,40.718546143004666),(246,323,88,38.27531841800928),(247,87,292,42.720018726587654),(248,93,290,69.26037828369117),(249,290,94,23.769728648009426),(250,93,294,104.48444860360799),(251,294,95,22.47220505424423),(252,93,292,77.62087348130012),(253,322,295,38.07886552931954),(254,295,326,54.00925846556311),(255,295,299,66.2117814289874),(256,299,84,121.43310915891102),(258,84,296,166.81726529349413),(259,84,298,162.1141573089778),(260,298,85,24.331050121192877),(261,296,85,37.589892258425),(262,296,298,23.769728648009426),(263,84,297,186.1316738225926),(264,297,86,27.313000567495326),(265,337,335,43.32435804486894),(266,335,281,22.20360331117452),(267,281,83,47.53945729601885),(268,83,282,63.788713735268246),(269,83,280,33.28663395418648),(270,282,283,35.17101079013795),(271,335,336,60.00833275470999),(272,336,283,21.213203435596427),(273,335,284,38.948684188300895),(274,335,334,58.034472514187634),(275,334,279,20.223748416156685),(276,279,82,65.5133574166368),(277,278,81,59.00847396772772),(278,334,333,77.02596964660685),(279,333,278,27.459060435491963),(280,333,277,24.166091947189145),(281,277,80,64.28841264178172),(282,332,333,50.35871324805669),(283,70,73,258.0697580112788),(284,266,323,36.6742416417845),(285,291,292,70.8801805866774),(286,289,291,85.00588214941364),(287,313,255,157.20687007888682),(288,256,255,115.73245007343446),(289,256,257,44.384682042344295),(290,99,339,68.8839603971781),(291,99,426,90.68627239003708),(292,426,339,115.52056094046635),(293,426,430,67.1863081289633),(294,430,103,111),(295,103,431,95.13148795220224),(296,431,427,38.47076812334269),(297,427,429,49.57822102496216),(298,427,428,46.010868281309364),(299,339,340,49.040799340956916),(300,340,341,20.09975124224178),(301,341,100,40.24922359499622),(302,340,429,36.40054944640259),(303,429,342,27.16615541441225),(304,342,101,47.41307836451879),(305,429,428,33.24154027718932),(306,428,343,23.40939982143925),(307,343,345,55.57877292636101),(308,345,344,23.08679276123039),(309,344,102,51.264022471905186),(310,345,349,26.019223662515376),(311,345,348,82.15229759416349),(312,348,105,117.27744881263405),(313,345,346,35.22782990761707),(314,346,104,52.773099207835045),(315,345,347,32.2490309931942),(316,347,106,36.87817782917155),(317,105,357,140.65560778013793),(318,357,348,209.82373554962746),(319,357,356,31.064449134018133),(320,356,119,51.62363799656123),(321,356,354,42.720018726587654),(322,356,355,33.28663395418648),(323,354,354,0),(324,354,355,25.553864678361276),(325,355,119,20.024984394500787),(326,356,432,31.906112267087632),(327,432,358,20.024984394500787),(328,358,120,64.35060217278468),(329,432,433,30),(330,433,359,22),(331,359,121,57.21887800367987),(332,433,434,28.0178514522438),(333,434,381,47.01063709417264),(334,434,435,30.066592756745816),(335,435,360,21),(336,360,122,56.71860364994893),(337,435,436,28.284271247461902),(338,436,361,21.02379604162864),(339,361,123,67.23094525588644),(340,123,363,49),(341,361,363,97.30878685915265),(342,436,437,37.656340767525464),(343,437,376,21.02379604162864),(344,376,116,78.77182237323191),(346,381,380,21.02379604162864),(347,380,117,29.68164415931166),(351,381,383,158.05062480104277),(353,353,383,21.37755832643195),(354,383,382,20.09975124224178),(355,382,118,56.04462507680822),(356,353,108,81.21576201698781),(357,108,354,81.02468759581859),(358,118,378,31.78049716414141),(359,382,378,65.76473218982953),(360,378,379,23.853720883753127),(361,379,116,80.60397012554654),(362,378,116,75.17978451685),(363,383,352,33.015148038438355),(364,352,107,66.75327707311455),(366,383,439,28.460498941515414),(367,439,109,26.90724809414742),(368,383,384,90.0222194794152),(369,384,350,49.01020301937138),(370,350,351,52.46903848937962),(371,384,385,23.345235059857504),(372,385,387,80.00624975587844),(373,387,386,37.013511046643494),(374,386,110,40.11234224026316),(375,437,438,56.32051136131489),(376,438,362,23.021728866442675),(377,362,124,89.10667763978185),(378,363,124,82.05485969764375),(379,124,364,101.17806086301516),(380,362,364,174.24408167854654),(381,363,362,61.68468205316454),(382,438,377,41),(383,375,377,20),(384,375,115,107.8702924812944),(385,115,393,107.61505470890214),(386,393,392,57.0087712549569),(387,392,113,50.35871324805669),(388,113,394,52.773099207835045),(389,113,395,70.32780389006896),(390,394,114,56.515484603779164),(391,114,373,45.89117562233506),(392,373,374,20.024984394500787),(393,377,374,81.09870529176159),(394,374,372,65),(395,372,365,20.09975124224178),(396,372,371,43.01162633521314),(397,365,364,58.309518948453004),(398,371,366,20.223748416156685),(399,366,367,60.63827174318213),(400,371,370,42.1070065428546),(401,370,369,27.51363298439521),(402,370,368,56.089214649520635),(403,371,400,75.18643494673756),(404,400,399,70),(405,399,396,92.0869154657707),(406,396,395,34.66987164671943),(407,396,397,23.021728866442675),(408,397,112,81.39410298049853),(409,392,112,41.72529209005013),(410,112,390,39.293765408777),(411,390,397,87.80091115700337),(412,392,397,53.16013544000805),(413,390,391,32.01562118716424),(414,387,388,32),(415,388,389,34.23448553724738),(416,389,111,69.20260110718382),(417,388,391,163.00306745579974),(418,391,403,93.38094023943002),(419,403,396,70.02856560004639),(420,396,398,22),(421,398,130,50.59644256269407),(422,399,402,82.15229759416349),(423,400,401,26.019223662515376),(424,401,411,73.00684899377592),(425,411,127,103.12128781197411),(426,127,413,97.49871794028884),(427,413,412,31.304951684997057),(428,127,128,86.05230967266364),(429,128,440,106.23088063270491),(430,128,410,49.33558553417604),(431,410,420,57.55866572463264),(432,420,408,23.021728866442675),(433,408,131,36.61966684720111),(434,420,409,26),(435,409,132,36.61966684720111),(436,420,405,38.47076812334269),(437,420,419,32.38826948140329),(438,420,414,44.553338819890925),(439,419,418,35.05709628591621),(440,418,407,28.071337695236398),(441,407,406,95.00526301210897),(442,406,404,34),(443,407,405,35.12833614050059),(444,418,417,51.088159097779204),(445,417,415,31.38470965295043),(446,417,421,54.589376255824725),(447,417,422,92.39588735436226),(448,421,135,30.463092423455635),(449,415,134,31.38470965295043),(450,414,133,37.44329045369811),(451,422,136,75.02666192761077),(452,136,423,78.40918313565064),(453,423,422,133.6600164596728),(454,423,424,96.33275663033837),(455,424,137,112.04017136723775),(456,137,425,112.01785571952357),(457,425,416,74.10802925459562),(458,416,417,34.539832078341085),(459,403,404,104.00480758118829),(460,416,422,114.54256850621083),(461,126,401,31.622776601683793),(462,126,411,43.93176527297759),(463,392,390,70.60453243241541),(464,419,405,23.08679276123039),(465,419,414,26),(466,405,418,41.400483088968905),(467,418,414,42.43819034784589),(468,138,441,58.137767414994535),(469,441,139,59.53990258641679),(470,139,442,59.53990258641679),(471,442,443,21.095023109728988),(472,443,140,35.12833614050059),(473,443,444,28.635642126552707),(474,444,504,32.202484376209235),(475,504,449,35.4682957019364),(477,504,503,142.01408380861386),(478,503,447,22.135943621178654),(479,447,157,74.02702209328699),(480,157,448,53.150729063673246),(481,448,453,27.586228448267445),(482,453,452,46.010868281309364),(483,453,451,51.66236541235796),(485,453,450,47.51841748206689),(486,450,451,20.223748416156685),(487,450,158,23.259406699226016),(488,451,156,82.92767933567175),(489,156,449,87.93179174792243),(490,504,505,75.13321502504735),(491,449,444,37.05401462729781),(492,448,452,33.015148038438355),(493,452,506,163.783393541592),(494,506,503,38.2099463490856),(495,452,459,87.66413177577246),(496,455,160,33.60059523282288),(497,455,454,37.53664875824692),(499,454,454,0),(500,454,458,27.65863337187866),(501,159,454,21.095023109728988),(502,454,456,39.6232255123179),(503,456,161,55.97320787662612),(504,455,458,49.49747468305833),(505,458,456,35),(506,457,458,23.021728866442675),(507,457,162,38.63935817272331),(508,458,459,27),(509,459,468,30.01666203960727),(510,468,469,32.0624390837628),(511,469,471,57.0350769263968),(512,471,472,31.016124838541646),(513,472,473,56.08029957123981),(514,473,474,30.01666203960727),(515,474,476,57.0087712549569),(516,476,478,27.073972741361768),(517,478,483,27.018512172212592),(518,483,484,26.627053911388696),(519,483,486,42.04759208325728),(520,486,485,30.14962686336267),(521,484,171,52.88667128870941),(522,478,479,24.020824298928627),(523,479,170,41.19465984809196),(524,476,477,23),(525,477,169,42.20189569201838),(526,474,475,22.02271554554524),(527,475,168,42.2965719651132),(528,473,467,25),(529,467,167,41.23105625617661),(530,466,472,22),(531,466,166,39.45883931389772),(532,471,465,24),(533,465,165,38.63935817272331),(534,469,464,28),(535,464,164,37.48332962798263),(536,468,463,22.20360331117452),(537,463,163,40.44749683231337),(538,469,470,24.596747752497688),(539,470,155,105),(540,155,460,102.48902380255166),(541,460,502,23.021728866442675),(542,506,502,41.19465984809196),(543,502,501,86.02325267042627),(544,501,461,25),(545,461,154,99.04039579888602),(546,154,462,110.63453348751464),(547,462,471,22.20360331117452),(548,501,497,44.553338819890925),(549,497,144,21.37755832643195),(551,497,500,26.248809496813376),(553,499,496,28.844410203711913),(554,496,145,32.64965543462902),(555,499,489,23.259406699226016),(556,489,152,29.017236257093817),(557,442,445,46.57252408878007),(558,445,141,25.179356624028344),(559,445,142,45.044422518220834),(560,446,143,29.068883707497267),(561,446,503,23.853720883753127),(562,500,507,144.01388821915754),(563,507,496,30.805843601498726),(564,507,499,49.040799340956916),(566,481,480,23.021728866442675),(567,480,153,62.39390995922599),(568,481,482,22.090722034374522),(569,482,487,40.607881008493905),(570,487,174,33.61547262794322),(571,482,491,92),(572,491,151,60.53924347066124),(573,151,490,98.88377015466189),(574,491,490,154.02921800749363),(575,490,498,22.090722034374522),(576,498,150,39.56008088970496),(577,498,493,45.27692569068709),(579,493,494,23.021728866442675),(580,494,148,20.024984394500787),(581,493,492,36.49657518178932),(582,492,149,25),(583,493,495,47.51841748206689),(584,495,147,25.298221281347036),(585,495,146,39.20459156782532),(586,486,488,37.36308338453881),(587,488,485,38.58756276314948),(588,488,173,38.62641583165593),(589,171,508,36.359317925395686),(590,508,172,38.01315561749642),(593,509,481,35),(594,509,510,67.02984409947557),(595,509,507,105),(596,511,493,38.948684188300895),(597,511,495,29.068883707497267),(598,443,512,36.76955262170047),(599,483,481,108.29589096544707),(600,221,533,49.040799340956916),(601,533,534,69.06518659932803),(602,534,535,83.05419917138447),(603,535,537,24),(604,537,539,33.015148038438355),(606,537,538,26),(607,538,224,23.769728648009426),(608,535,536,55.326304774492215),(609,536,225,32.0624390837628),(610,539,513,52.08646657242167),(611,513,540,39.20459156782532),(612,540,223,37.57658845611187),(613,540,541,47.095647357266465),(614,541,222,38.47076812334269),(615,542,514,61.98386886924694),(616,542,543,85.00588214941364),(617,542,553,61.00819617067857),(618,553,539,40.01249804748511),(619,543,546,34),(620,546,544,50.21951811795888),(621,543,515,48.507731342539614),(622,546,548,32.0624390837628),(623,548,547,59),(624,547,545,47),(625,547,549,49),(626,545,548,75.43208866258443),(627,545,549,67.89698078707183),(628,549,550,47),(629,550,551,26.30589287593181),(630,551,532,59.21148537234985),(631,551,552,83.09632964216891),(632,552,548,47.01063709417264),(633,552,531,57.3149195236284),(634,552,559,67.11929677819934),(636,553,554,21.095023109728988),(637,554,559,63.63961030678928),(638,542,554,62.297672508690084),(639,554,555,105.07616285342742),(640,555,556,27.65863337187866),(641,559,558,56.08029957123981),(642,558,557,44.384682042344295),(643,556,560,126.03570922560003),(644,560,561,122.00409829181969),(645,561,562,31.064449134018133),(646,561,563,273.0164830188829),(647,563,575,135.29966740535616),(648,575,576,46.09772228646444),(649,575,516,84.92938243034621),(650,575,577,93.02150289046077),(651,577,519,40.01249804748511),(652,519,518,86.02325267042627),(653,518,517,54.3323108288245),(654,563,564,29.017236257093817),(655,563,565,41.773197148410844),(656,563,566,70.02856560004639),(657,566,521,50.96076922496363),(658,566,528,34.713109915419565),(659,566,567,88.02272433866155),(660,567,522,51.264022471905186),(661,567,527,39.84971769034255),(662,567,568,31.016124838541646),(663,568,523,52.3450093132096),(664,568,526,36.345563690772494),(665,568,569,53.009433122794285),(666,569,524,51.97114584074513),(667,569,570,34.0147027033899),(668,569,525,38.05259518088089),(669,570,571,98.00510190801293),(670,571,529,133.0338302838793),(671,529,572,66.06814663663572),(672,572,573,59.53990258641679),(673,573,565,38.3275357934736),(674,573,520,67.68308503607086),(675,572,574,61.1310068623117),(676,574,530,66.03029607687671),(677,583,584,1000),(678,584,581,1000),(679,584,585,1000),(680,585,582,1000),(681,585,586,1000),(682,586,579,1000),(683,586,587,1000),(684,586,581,1000),(685,587,578,1000),(686,20,588,96);
/*!40000 ALTER TABLE `relations` ENABLE KEYS */;
UNLOCK TABLES;

--
-- Table structure for table `user_account`
--

DROP TABLE IF EXISTS `user_account`;
/*!40101 SET @saved_cs_client     = @@character_set_client */;
/*!40101 SET character_set_client = utf8 */;
CREATE TABLE `user_account` (
  `id` int(11) NOT NULL AUTO_INCREMENT,
  `username` varchar(128) NOT NULL,
  `password` varchar(128) NOT NULL,
  `isAdmin` int(11) NOT NULL DEFAULT '0',
  `email` varchar(128) DEFAULT NULL,
  PRIMARY KEY (`id`)
) ENGINE=InnoDB AUTO_INCREMENT=2 DEFAULT CHARSET=latin1;
/*!40101 SET character_set_client = @saved_cs_client */;

--
-- Dumping data for table `user_account`
--

LOCK TABLES `user_account` WRITE;
/*!40000 ALTER TABLE `user_account` DISABLE KEYS */;
INSERT INTO `user_account` VALUES (1,'yizhouyan','hammer',1,'yyan2@wpi.edu');
/*!40000 ALTER TABLE `user_account` ENABLE KEYS */;
UNLOCK TABLES;
/*!40103 SET TIME_ZONE=@OLD_TIME_ZONE */;

/*!40101 SET SQL_MODE=@OLD_SQL_MODE */;
/*!40014 SET FOREIGN_KEY_CHECKS=@OLD_FOREIGN_KEY_CHECKS */;
/*!40014 SET UNIQUE_CHECKS=@OLD_UNIQUE_CHECKS */;
/*!40101 SET CHARACTER_SET_CLIENT=@OLD_CHARACTER_SET_CLIENT */;
/*!40101 SET CHARACTER_SET_RESULTS=@OLD_CHARACTER_SET_RESULTS */;
/*!40101 SET COLLATION_CONNECTION=@OLD_COLLATION_CONNECTION */;
/*!40111 SET SQL_NOTES=@OLD_SQL_NOTES */;

-- Dump completed on 2015-12-01 11:27:36
