-- MySQL dump 10.13  Distrib 5.6.24, for osx10.8 (x86_64)
--
-- Host: 127.0.0.1    Database: RouteFinder
-- ------------------------------------------------------
-- Server version	5.6.27

/*!40101 SET @OLD_CHARACTER_SET_CLIENT=@@CHARACTER_SET_CLIENT */;
/*!40101 SET @OLD_CHARACTER_SET_RESULTS=@@CHARACTER_SET_RESULTS */;
/*!40101 SET @OLD_COLLATION_CONNECTION=@@COLLATION_CONNECTION */;
/*!40101 SET NAMES utf8 */;
/*!40103 SET @OLD_TIME_ZONE=@@TIME_ZONE */;
/*!40103 SET TIME_ZONE='+00:00' */;
/*!40014 SET @OLD_UNIQUE_CHECKS=@@UNIQUE_CHECKS, UNIQUE_CHECKS=0 */;
/*!40014 SET @OLD_FOREIGN_KEY_CHECKS=@@FOREIGN_KEY_CHECKS, FOREIGN_KEY_CHECKS=0 */;
/*!40101 SET @OLD_SQL_MODE=@@SQL_MODE, SQL_MODE='NO_AUTO_VALUE_ON_ZERO' */;
/*!40111 SET @OLD_SQL_NOTES=@@SQL_NOTES, SQL_NOTES=0 */;

--
-- Table structure for table `activities`
--

DROP TABLE IF EXISTS `activities`;
/*!40101 SET @saved_cs_client     = @@character_set_client */;
/*!40101 SET character_set_client = utf8 */;
CREATE TABLE `activities` (
  `id` int(11) NOT NULL AUTO_INCREMENT,
  `location` int(11) NOT NULL,
  `start_time` datetime DEFAULT NULL,
  `end_time` datetime DEFAULT NULL,
  `activity_name` varchar(128) DEFAULT NULL,
  `activity_detail` varchar(256) DEFAULT NULL,
  `host` varchar(128) DEFAULT NULL,
  PRIMARY KEY (`id`),
  KEY `fk_location_idx` (`location`),
  CONSTRAINT `fk_location` FOREIGN KEY (`location`) REFERENCES `node` (`id`) ON DELETE NO ACTION ON UPDATE NO ACTION
) ENGINE=InnoDB DEFAULT CHARSET=latin1;
/*!40101 SET character_set_client = @saved_cs_client */;

--
-- Dumping data for table `activities`
--

LOCK TABLES `activities` WRITE;
/*!40000 ALTER TABLE `activities` DISABLE KEYS */;
/*!40000 ALTER TABLE `activities` ENABLE KEYS */;
UNLOCK TABLES;

--
-- Table structure for table `map`
--

DROP TABLE IF EXISTS `map`;
/*!40101 SET @saved_cs_client     = @@character_set_client */;
/*!40101 SET character_set_client = utf8 */;
CREATE TABLE `map` (
  `id` int(11) NOT NULL AUTO_INCREMENT,
  `name` varchar(128) NOT NULL,
  `image_name` varchar(256) DEFAULT NULL,
  `image` blob,
  PRIMARY KEY (`id`),
  UNIQUE KEY `id_UNIQUE` (`id`)
) ENGINE=InnoDB AUTO_INCREMENT=8 DEFAULT CHARSET=latin1;
/*!40101 SET character_set_client = @saved_cs_client */;

--
-- Dumping data for table `map`
--

LOCK TABLES `map` WRITE;
/*!40000 ALTER TABLE `map` DISABLE KEYS */;
INSERT INTO `map` VALUES (1,'Campus Map',NULL,NULL),(2,'AK-G',NULL,NULL),(3,'AK-1',NULL,NULL),(4,'AK-2',NULL,NULL),(5,'AK-3',NULL,NULL),(6,'PC-1',NULL,NULL),(7,'PC-2',NULL,NULL);
/*!40000 ALTER TABLE `map` ENABLE KEYS */;
UNLOCK TABLES;

--
-- Table structure for table `node`
--

DROP TABLE IF EXISTS `node`;
/*!40101 SET @saved_cs_client     = @@character_set_client */;
/*!40101 SET character_set_client = utf8 */;
CREATE TABLE `node` (
  `id` int(11) NOT NULL AUTO_INCREMENT,
  `name` varchar(128) NOT NULL DEFAULT 'wayPoint',
  `x` int(11) NOT NULL,
  `y` int(11) NOT NULL,
  `map_id` int(11) NOT NULL,
  `classification` varchar(128) NOT NULL DEFAULT 'undefined',
  PRIMARY KEY (`id`),
  UNIQUE KEY `id_UNIQUE` (`id`),
  KEY `fk_map_id_idx` (`map_id`),
  CONSTRAINT `fk_map_id` FOREIGN KEY (`map_id`) REFERENCES `map` (`id`) ON DELETE NO ACTION ON UPDATE NO ACTION
) ENGINE=InnoDB AUTO_INCREMENT=108 DEFAULT CHARSET=latin1;
/*!40101 SET character_set_client = @saved_cs_client */;

--
-- Dumping data for table `node`
--

LOCK TABLES `node` WRITE;
/*!40000 ALTER TABLE `node` DISABLE KEYS */;
INSERT INTO `node` VALUES (1,'104',175,302,6,'OFFICE'),(2,'104A',256,301,6,'PATHNODE'),(3,'103',257,357,6,'OFFICE'),(4,'102',91,359,6,'OFFICE'),(5,'102',102,458,6,'OFFICE'),(6,'100E',340,352,6,'OFFICE'),(7,'100E',339,400,6,'OFFICE'),(8,'Location',422,400,6,'PATHNODE'),(9,'Location',423,364,6,'UNDEFINED'),(10,'Location',578,363,6,'UNDEFINED'),(11,'107',576,296,6,'OFFICE'),(12,'101B',352,455,6,'OFFICE'),(13,'101B',232,483,6,'OFFICE'),(14,'101B',259,505,6,'OFFICE'),(15,'101',259,610,6,'OFFICE'),(16,'101B',352,480,6,'OFFICE'),(17,'101B',261,481,6,'OFFICE'),(18,'101',108,611,6,'OFFICE'),(19,'101',100,513,6,'OFFICE'),(20,'106',417,468,6,'OFFICE'),(21,'106',672,686,6,'OFFICE'),(22,'106',427,685,6,'OFFICE'),(23,'Location',335,298,6,'PATHNODE'),(24,'100F',329,210,6,'OFFICE'),(25,'108',691,289,6,'OFFICE'),(26,'Location',784,358,6,'PATHNODE'),(27,'108A',778,285,6,'OFFICE'),(28,'Location',734,358,6,'PATHNODE'),(29,'Location',742,464,6,'PATHNODE'),(30,'100B',748,686,6,'OFFICE'),(31,'100A',855,687,6,'OFFICE'),(32,'100A',906,687,6,'OFFICE'),(33,'114',907,625,6,'OFFICE'),(34,'113',850,624,6,'OFFICE'),(35,'100C',794,462,6,'OFFICE'),(36,'100B',742,547,6,'OFFICE'),(37,'Location',832,546,6,'PATHNODE'),(38,'110',829,459,6,'OFFICE'),(39,'111',941,455,6,'OFFICE'),(40,'110',878,457,6,'OFFICE'),(41,'Location',880,542,6,'PATHNODE'),(42,'112',941,545,6,'OFFICE'),(43,'109A',852,355,6,'OFFICE'),(44,'109',853,282,6,'OFFICE'),(45,'212A',72,302,7,'OFFICE'),(46,'Location',70,346,7,'UNDEFINED'),(47,'212',241,347,7,'OFFICE'),(48,'Location',243,425,7,'UNDEFINED'),(49,'211',171,424,7,'OFFICE'),(50,'Location',304,422,7,'PATHNODE'),(51,'Location',363,424,7,'UNDEFINED'),(52,'210A',366,393,7,'OFFICE'),(53,'Location',410,419,7,'UNDEFINED'),(54,'213',410,338,7,'UNDEFINED'),(55,'200B',491,416,7,'PATHNODE'),(56,'213',493,341,7,'OFFICE'),(57,'Location',622,415,7,'UNDEFINED'),(58,'201',622,460,7,'UNDEFINED'),(59,'Location',688,414,7,'UNDEFINED'),(60,'215',683,342,7,'UNDEFINED'),(61,'Location',773,413,7,'PATHNODE'),(62,'216',772,340,7,'OFFICE'),(63,'200A',861,405,7,'PATHNODE'),(64,'219',850,341,7,'OFFICE'),(65,'Location',773,478,7,'PATHNODE'),(66,'202',843,476,7,'OFFICE'),(67,'Location',771,549,7,'PATHNODE'),(68,'203',838,548,7,'OFFICE'),(69,'Location',802,550,7,'PATHNODE'),(70,'204',801,599,7,'OFFICE'),(71,'210C',298,475,7,'OFFICE'),(72,'210C',292,562,7,'OFFICE'),(73,'207',291,614,7,'OFFICE'),(74,'208',168,617,7,'OFFICE'),(75,'Location',209,614,7,'PATHNODE'),(76,'210',212,556,7,'OFFICE'),(77,'Location',216,498,7,'PATHNODE'),(78,'210A',243,497,7,'OFFICE'),(79,'210B',249,542,7,'OFFICE'),(80,'Location',291,538,7,'PATHNODE'),(81,'Location',553,463,7,'PATHNODE'),(82,'Location',552,624,7,'PATHNODE'),(83,'Location',434,620,7,'PATHNODE'),(84,'206',539,675,7,'OFFICE'),(85,'205',607,623,7,'OFFICE');
/*!40000 ALTER TABLE `node` ENABLE KEYS */;
UNLOCK TABLES;

--
-- Table structure for table `relations`
--

DROP TABLE IF EXISTS `relations`;
/*!40101 SET @saved_cs_client     = @@character_set_client */;
/*!40101 SET character_set_client = utf8 */;
CREATE TABLE `relations` (
  `id` int(11) NOT NULL AUTO_INCREMENT,
  `node_from` int(11) NOT NULL,
  `node_to` int(11) NOT NULL,
  `distance` double NOT NULL DEFAULT '0',
  PRIMARY KEY (`id`),
  KEY `fk_node_from_idx` (`node_from`),
  KEY `fk_node_to_idx` (`node_to`),
  CONSTRAINT `fk_node_from` FOREIGN KEY (`node_from`) REFERENCES `node` (`id`) ON DELETE NO ACTION ON UPDATE NO ACTION,
  CONSTRAINT `fk_node_to` FOREIGN KEY (`node_to`) REFERENCES `node` (`id`) ON DELETE NO ACTION ON UPDATE NO ACTION
) ENGINE=InnoDB AUTO_INCREMENT=108 DEFAULT CHARSET=latin1;
/*!40101 SET character_set_client = @saved_cs_client */;

--
-- Dumping data for table `relations`
--

LOCK TABLES `relations` WRITE;
/*!40000 ALTER TABLE `relations` DISABLE KEYS */;
INSERT INTO `relations` VALUES (1,4,5,99.60923651951158),(2,3,4,166.01204775557707),(3,14,17,24.08318915758459),(4,1,2,81.00617260431454),(5,17,13,29.068883707497267),(6,2,3,56.00892785976178),(7,19,18,98.32598842625484),(8,5,19,55.036351623268054),(9,15,14,105),(10,18,15,151.00331122197287),(11,12,7,56.515484603779164),(12,7,6,48.010415536631214),(13,16,12,25),(14,17,16,91.00549433962765),(15,6,23,54.230987451824994),(16,23,24,88.20430828479978),(17,3,6,83.15046602394962),(18,9,10,155.00322577288512),(19,25,11,115.2128465059344),(20,7,8,83),(21,10,11,67.02984409947557),(22,8,9,36.013886210738214),(23,26,27,73.24616030891995),(24,28,26,50),(25,10,28,156.08010763707205),(26,43,44,73.00684899377592),(27,26,43,68.06614430096654),(28,22,21,245.00204080782675),(29,29,35,52.03844732503075),(30,36,29,83),(31,30,36,139.12943613772032),(32,8,20,68.18357573492314),(33,21,30,76),(34,36,37,90.00555538409837),(35,20,22,217.23029254687293),(36,32,33,62.00806399170998),(37,31,34,63.198101237299845),(38,30,31,107.00467279516349),(39,31,32,51),(40,40,41,85.0235261559999),(41,38,40,49.040799340956916),(42,37,38,87.05170877128145),(43,40,39,63.0317380372777),(44,41,42,61.07372593840988),(45,51,52,31.144823004794873),(46,48,49,72.00694410957877),(47,51,53,47.265209192385896),(48,48,50,61.07372593840988),(49,46,47,171.00292395160966),(50,47,48,78.02563681252464),(51,50,51,59.033888572581766),(52,45,46,44.04543109109048),(53,55,56,75.02666192761077),(54,59,60,72.17340230306452),(55,55,57,131.00381673829202),(56,53,55,81.05553651663777),(57,57,58,45),(58,57,59,66.007575322837),(59,53,54,81),(60,64,63,64.93843238021688),(61,69,68,36.05551275463989),(62,67,69,31.016124838541646),(63,59,61,85.00588214941364),(64,65,66,70.02856560004639),(65,67,65,71.02816342831905),(66,62,61,73.00684899377592),(67,61,65,65),(68,69,70,49.01020301937138),(69,82,84,52.630789467763066),(70,58,81,69.06518659932803),(71,81,82,161.00310556011024),(72,61,63,88.36288813749809),(73,82,85,55.00909015790027),(74,82,83,118.06777714516353),(75,50,71,53.33854141237835),(76,75,76,58.077534382926416),(77,80,71,63.387695966961914),(78,73,75,82),(79,80,72,24.020824298928627),(80,72,73,52.009614495783374),(81,75,74,41.10960958218893),(82,77,78,27.018512172212592),(83,76,77,58.137767414994535),(84,80,79,42.190046219457976),(85,83,73,143.1258187749506);
/*!40000 ALTER TABLE `relations` ENABLE KEYS */;
UNLOCK TABLES;

--
-- Table structure for table `user_account`
--

DROP TABLE IF EXISTS `user_account`;
/*!40101 SET @saved_cs_client     = @@character_set_client */;
/*!40101 SET character_set_client = utf8 */;
CREATE TABLE `user_account` (
  `id` int(11) NOT NULL AUTO_INCREMENT,
  `username` varchar(128) NOT NULL,
  `password` varchar(128) NOT NULL,
  `isAdmin` int(11) NOT NULL DEFAULT '0',
  PRIMARY KEY (`id`)
) ENGINE=InnoDB DEFAULT CHARSET=latin1;
/*!40101 SET character_set_client = @saved_cs_client */;

--
-- Dumping data for table `user_account`
--

LOCK TABLES `user_account` WRITE;
/*!40000 ALTER TABLE `user_account` DISABLE KEYS */;
/*!40000 ALTER TABLE `user_account` ENABLE KEYS */;
UNLOCK TABLES;
/*!40103 SET TIME_ZONE=@OLD_TIME_ZONE */;

/*!40101 SET SQL_MODE=@OLD_SQL_MODE */;
/*!40014 SET FOREIGN_KEY_CHECKS=@OLD_FOREIGN_KEY_CHECKS */;
/*!40014 SET UNIQUE_CHECKS=@OLD_UNIQUE_CHECKS */;
/*!40101 SET CHARACTER_SET_CLIENT=@OLD_CHARACTER_SET_CLIENT */;
/*!40101 SET CHARACTER_SET_RESULTS=@OLD_CHARACTER_SET_RESULTS */;
/*!40101 SET COLLATION_CONNECTION=@OLD_COLLATION_CONNECTION */;
/*!40111 SET SQL_NOTES=@OLD_SQL_NOTES */;

-- Dump completed on 2015-11-09 19:28:01
